-1913316229,27,32
-1913296229,54,45
-1913276229,34,30
-1913256229,47,43
-1913236229,30,34
-1913216229,40,36
-1913196229,32,29
-1913176229,41,38
-1913156229,30,96
-1913136229,41,28
-1913116229,29,93
-1913096229,31,28
-1913076229,132,85
-1913056229,44,28
-1913036229,76,44
-1913016229,31,31
-1912996229,52,42
-1912976229,31,30
-1912956229,52,35
-1912936229,31,30
-1912916229,46,36
-1912896229,29,32
-1912876229,42,36
-1912856229,32,106
-1912836229,32,59
-1912816229,30,89
-1912796229,37,31
-1912776229,41,45
-1912756229,32,28
-1912736229,58,60
-1912716229,29,32
-1912696229,57,51
-1912676229,28,23
-1912656229,51,40
-1912636229,28,29
-1912616229,44,41
-1912596229,30,30
-1912576229,44,42
-1912556229,31,35
-1912536229,42,37
-1912516229,33,78
-1912496229,36,23
-1912476229,47,65
-1912456229,30,34
-1912436229,127,91
-1912416229,14,22
-1912396229,111,66
-1912376229,41,31
-1912356229,56,57
-1912336229,31,29
-1912316229,53,46
-1912296229,29,26
-1912276229,53,40
-1912256229,34,42
-1912236229,53,44
-1912216229,27,31
-1912196229,44,44
-1912176229,29,35
-1912156229,43,43
-1912136229,28,29
-1912116229,41,37
-1912096229,30,30
-1912076229,40,34
-1912056229,32,29
-1912036229,40,35
-1912016229,28,103
-1911996229,37,29
-1911976229,29,71
-1911956229,23,29
-1911936229,128,88
-1911916229,38,26
-1911896229,101,56
-1911876229,31,31
-1911856229,75,44
-1911836229,30,32
-1911816229,61,46
-1911796229,35,33
-1911776229,39,73
-1911756229,29,31
-1911736229,56,45
-1911716229,30,35
-1911696229,50,48
-1911676229,30,28
-1911656229,39,40
-1911636229,30,32
-1911616229,45,40
-1911596229,27,29
-1911576229,46,39
-1911556229,35,30
-1911536229,35,35
-1911516229,48,118
-1911496229,35,37
-1911476229,30,90
-1911456229,44,29
-1911436229,42,70
-1911416229,34,36
-1911396229,25,53
-1911376229,44,34
-1911356229,21,77
-1911336229,33,32
-1911316229,54,59
-1911296229,30,30
-1911276229,54,49
-1911256229,39,27
-1911236229,53,48
-1911216229,31,34
-1911196229,48,46
-1911176229,30,38
-1911156229,44,51
-1911136229,28,28
-1911116229,41,34
-1911096229,29,29
-1911076229,44,36
-1911056229,36,31
-1911036229,41,42
-1911016229,32,85
-1910996229,34,20
-1910976229,40,78
-1910956229,44,26
-1910936229,33,59
-1910916229,31,37
-1910896229,79,56
-1910876229,23,30
-1910856229,66,59
-1910836229,28,28
-1910816229,52,49
-1910796229,33,30
-1910776229,48,38
-1910756229,27,32
-1910736229,46,48
-1910716229,33,30
-1910696229,44,40
-1910676229,17,60
-1910656229,38,35
-1910636229,31,30
-1910616229,41,35
-1910596229,32,96
-1910576229,37,31
-1910556229,55,64
-1910536229,32,29
-1910516229,102,42
-1910496229,18,26
-1910476229,69,45
-1910456229,36,31
-1910436229,67,52
-1910416229,28,76
-1910396229,51,49
-1910376229,30,32
-1910356229,52,44
-1910336229,29,35
-1910316229,44,38
-1910296229,33,29
-1910276229,42,38
-1910256229,30,31
-1910236229,35,34
-1910216229,28,82
-1910196229,37,46
-1910176229,28,81
-1910156229,39,34
-1910136229,79,60
-1910116229,43,39
-1910096229,22,74
-1910076229,37,29
-1910056229,62,44
-1910036229,28,31
-1910016229,58,51
-1909996229,27,28
-1909976229,57,49
-1909956229,32,27
-1909936229,49,50
-1909916229,17,40
-1909896229,47,39
-1909876229,33,25
-1909856229,40,38
-1909836229,30,33
-1909816229,38,41
-1909796229,32,107
-1909776229,37,49
-1909756229,32,146
-1909736229,32,25
-1909716229,20,49
-1909696229,15,21
-1909676229,117,65
-1909656212,28,31
-1909636224,76,49
-1909616224,27,34
-1909596224,64,56
-1909576224,18,61
-1909556224,56,50
-1909536224,33,32
-1909516224,47,41
-1909496224,33,34
-1909476224,47,33
-1909456224,29,30
-1909436224,44,32
-1909416224,29,31
-1909396224,37,35
-1909376224,30,121
-1909356224,33,31
-1909336224,29,103
-1909316224,33,32
-1909296224,109,85
-1909276224,19,32
-1909256224,72,59
-1909236224,31,30
-1909216224,62,50
-1909196224,32,31
-1909176224,54,40
-1909156224,30,26
-1909136224,48,48
-1909116224,31,32
-1909096224,44,42
-1909076224,34,25
-1909056224,39,38
-1909036224,32,29
-1909016224,39,39
-1908996224,34,89
-1908976224,32,36
-1908956224,21,53
-1908936224,14,53
-1908916224,82,64
-1908896224,30,29
-1908876224,62,53
-1908856224,30,30
-1908836224,55,47
-1908816224,31,32
-1908796224,48,42
-1908776224,30,35
-1908756224,46,40
-1908736224,29,27
-1908716224,45,39
-1908696224,30,33
-1908676224,35,37
-1908656224,30,108
-1908636224,37,38
-1908616224,28,113
-1908596224,34,38
-1908576224,127,94
-1908556224,46,24
-1908536224,66,66
-1908516224,23,33
-1908496224,61,55
-1908476224,32,32
-1908456224,55,43
-1908436224,29,33
-1908416224,48,40
-1908396224,30,31
-1908376224,48,36
-1908356224,30,30
-1908336224,38,35
-1908316224,34,28
-1908296224,40,34
-1908276224,28,85
-1908256224,36,29
-1908236224,27,152
-1908216224,40,27
-1908196224,70,95
-1908176224,41,23
-1908156224,16,57
-1908136225,41,25
-1908116224,22,53
-1908096224,39,40
-1908076224,29,102
-1908056224,39,36
-1908036224,33,58
-1908016224,39,27
-1907996224,32,31
-1907976224,48,40
-1907956224,31,28
-1907936224,43,47
-1907916224,30,32
-1907896224,76,39
-1907876224,28,41
-1907856224,31,95
-1907836224,37,57
-1907816224,33,33
-1907796224,53,58
-1907776224,37,38
-1907756224,28,31
-1907736224,57,44
-1907716224,46,32
-1907696224,31,62
-1907676224,42,41
-1907656224,29,33
-1907636224,34,40
-1907616224,36,44
-1907596224,34,37
-1907576224,66,42
-1907556224,38,42
-1907536224,33,36
-1907516224,63,38
-1907496224,37,31
-1907476224,18,78
-1907456224,56,46
-1907436224,22,23
-1907416224,26,28
-1907396224,54,56
-1907376224,32,32
-1907356224,34,30
-1907336224,48,49
-1907316224,61,61
-1907296225,30,32
-1907276224,66,52
-1907256225,33,25
-1907236224,16,46
-1907216224,49,49
-1907196224,47,40
-1907176224,25,35
-1907156224,46,76
-1907136225,49,56
-1907116224,31,27
-1907096224,32,88
-1907076224,48,48
-1907056224,23,37
-1907036224,35,57
-1907016224,70,59
-1906996224,45,19
-1906976224,74,85
-1906956224,126,47
-1906936224,23,63
-1906916224,29,33
-1906896224,28,35
-1906876224,49,44
-1906856224,45,27
-1906836224,54,40
-1906816224,52,65
-1906796224,45,44
-1906776224,30,34
-1906756224,125,79
-1906736224,30,35
-1906716224,19,30
-1906696224,25,157
-1906676224,39,34
-1906656224,25,27
-1906636225,3,54
-1906616224,54,49
-1906596224,41,28
-1906576224,34,23
-1906556224,62,80
-1906536224,50,50
-1906516224,26,28
-1906496224,72,45
-1906476224,41,48
-1906456224,31,34
-1906436224,33,49
-1906416224,41,39
-1906396224,36,36
-1906376224,35,54
-1906356224,46,42
-1906336224,17,42
-1906316224,20,71
-1906296224,44,37
-1906276224,27,27
-1906256224,24,105
-1906236224,38,62
-1906216224,21,46
-1906196224,23,112
-1906176224,43,35
-1906156224,32,33
-1906136224,27,187
-1906116224,47,36
-1906096224,31,30
-1906076224,35,91
-1906056224,51,58
-1906036224,27,71
-1906016224,26,71
-1905996224,42,34
-1905976224,75,60
-1905956224,56,48
-1905936224,34,69
-1905916224,31,32
-1905896224,55,49
-1905876224,23,39
-1905856224,28,100
-1905836224,50,68
-1905816224,76,70
-1905796224,42,77
-1905776224,43,38
-1905756224,28,29
-1905736224,60,64
-1905716224,21,29
-1905696224,38,88
-1905676224,49,44
-1905656224,33,31
-1905636224,136,68
-1905616224,43,26
-1905596224,28,31
-1905576224,54,78
-1905556224,31,32
-1905536224,135,86
-1905516224,41,33
-1905496224,33,31
-1905476224,56,41
-1905456224,19,22
-1905436224,24,102
-1905416225,48,46
-1905396224,27,36
-1905376224,89,64
-1905356224,40,32
-1905336224,26,46
-1905316224,15,70
-1905296224,29,30
-1905276224,76,58
-1905256224,37,32
-1905236224,33,37
-1905216224,60,46
-1905196224,25,30
-1905176224,33,91
-1905156225,8,77
-1905136224,54,72
-1905116224,59,44
-1905096224,35,42
-1905076224,84,36
-1905056224,48,42
-1905036224,11,88
-1905016224,15,112
-1904996224,47,43
-1904976224,28,34
-1904956224,60,48
-1904936224,30,32
-1904916224,103,167
-1904896224,45,41
-1904876224,29,36
-1904856224,42,41
-1904836224,16,86
-1904816224,33,33
-1904796224,58,50
-1904776224,33,31
-1904756224,50,90
-1904736224,63,68
-1904716224,29,38
-1904696224,55,48
-1904676224,22,35
-1904656224,34,88
-1904636224,53,25
-1904616224,34,41
-1904596224,63,51
-1904576224,37,44
-1904556224,28,39
-1904536224,31,97
-1904516224,31,31
-1904496224,26,72
-1904476224,48,44
-1904456224,23,31
-1904436224,50,53
-1904416224,34,33
-1904396224,31,145
-1904376224,39,36
-1904356224,55,41
-1904336224,90,36
-1904316224,53,34
-1904296224,29,16
-1904276224,89,43
-1904256224,28,33
-1904236224,97,92
-1904216224,40,30
-1904196224,35,32
-1904176224,49,46
-1904156224,23,35
-1904136224,146,91
-1904116224,63,49
-1904096224,30,30
-1904076224,45,54
-1904056224,19,35
-1904036224,18,92
-1904016224,42,40
-1903996224,27,28
-1903976224,74,54
-1903956224,23,32
-1903936224,30,30
-1903916224,48,46
-1903896224,32,31
-1903876224,87,57
-1903856224,34,31
-1903836224,29,40
-1903816224,49,41
-1903796224,36,27
-1903776224,22,59
-1903756224,37,26
-1903736224,28,40
-1903716224,47,37
-1903696224,38,32
-1903676224,85,71
-1903656224,39,41
-1903636225,4,41
-1903616224,63,48
-1903596224,42,35
-1903576224,87,71
-1903556224,40,33
-1903536224,52,42
-1903516224,53,57
-1903496224,33,37
-1903476224,31,28
-1903456224,54,48
-1903436224,34,31
-1903416224,49,142
-1903396224,35,39
-1903376224,29,29
-1903356224,61,53
-1903336224,16,60
-1903316224,36,69
-1903296224,42,43
-1903276224,31,37
-1903256224,116,75
-1903236224,60,50
-1903216224,29,31
-1903196224,56,46
-1903176224,35,104
-1903156224,33,91
-1903136224,43,68
-1903116224,25,24
-1903096224,122,66
-1903076224,42,40
-1903056224,30,31
-1903036224,101,74
-1903016224,42,37
-1902996224,36,27
-1902976224,55,38
-1902956224,22,39
-1902936224,60,109
-1902916224,25,45
-1902896224,33,31
-1902876224,53,64
-1902856224,33,26
-1902836225,9,78
-1902816224,49,41
-1902796224,49,35
-1902776224,35,74
-1902756224,47,29
-1902736224,55,39
-1902716224,28,75
-1902696224,38,24
-1902676224,29,38
-1902656224,56,56
-1902636225,8,36
-1902616224,27,58
-1902596224,50,45
-1902576224,31,29
-1902556224,26,102
-1902536224,42,53
-1902516224,32,30
-1902496224,60,45
-1902476224,40,36
-1902456224,26,30
-1902436224,35,80
-1902416225,5,62
-1902396224,32,85
-1902376224,46,41
-1902356224,28,27
-1902336224,145,53
-1902316224,36,32
-1902296224,29,32
-1902276224,58,50
-1902256225,9,126
-1902236224,32,92
-1902216224,49,36
-1902196225,33,40
-1902176224,39,144
-1902156224,42,42
-1902136224,67,68
-1902116224,58,41
-1902096224,37,34
-1902076224,33,35
-1902056224,56,49
-1902036224,19,24
-1902016224,93,67
-1901996224,46,39
-1901976224,30,29
-1901956224,75,67
-1901936224,31,53
-1901916224,31,28
-1901896224,53,43
-1901876224,42,34
-1901856224,36,82
-1901836224,44,46
-1901816224,30,36
-1901796224,89,62
-1901776224,42,32
-1901756224,64,44
-1901736224,41,51
-1901716224,35,32
-1901696224,30,104
-1901676224,73,51
-1901656224,34,39
-1901636224,66,56
-1901616224,35,17
-1901596224,33,40
-1901576224,51,54
-1901556225,37,25
-1901536225,9,80
-1901516224,52,53
-1901496224,31,25
-1901476224,95,67
-1901456224,39,27
-1901436224,31,52
-1901416224,66,49
-1901396224,27,37
-1901376224,28,87
-1901356224,20,110
-1901336224,25,38
-1901316224,36,71
-1901296224,45,43
-1901276224,42,121
-1901256224,56,40
-1901236225,9,76
-1901216224,31,30
-1901196224,48,36
-1901176224,33,31
-1901156224,103,86
-1901136224,40,29
-1901116224,35,87
-1901096224,81,47
-1901076224,40,31
-1901056224,29,34
-1901036224,44,72
-1901016224,29,30
-1900996224,37,107
-1900976224,44,36
-1900956224,31,70
-1900936224,61,83
-1900916224,38,43
-1900896224,32,33
-1900876224,30,119
-1900856224,34,32
-1900836224,17,84
-1900816224,54,40
-1900796224,29,30
-1900776224,109,53
-1900756224,40,33
-1900736224,22,39
-1900716224,89,71
-1900696224,46,32
-1900676224,35,120
-1900656224,48,46
-1900636224,23,25
-1900616224,73,71
-1900596224,41,32
-1900576224,28,34
-1900556224,58,45
-1900536224,20,28
-1900516224,32,69
-1900496224,47,36
-1900476224,27,27
-1900456224,85,48
-1900436224,67,39
-1900416224,35,34
-1900396224,50,47
-1900376224,91,79
-1900356224,38,131
-1900336224,43,60
-1900316224,27,36
-1900296224,58,62
-1900276224,43,24
-1900256224,33,25
-1900236224,45,40
-1900216224,37,30
-1900196224,26,98
-1900176224,47,38
-1900156224,32,28
-1900136225,66,93
-1900116224,40,36
-1900096224,38,32
-1900076224,51,41
-1900056224,32,28
-1900036224,75,55
-1900016224,35,32
-1899996224,32,28
-1899976224,55,39
-1899956224,14,35
-1899936224,30,78
-1899916224,46,39
-1899896224,34,31
-1899876224,58,59
-1899856224,35,27
-1899836224,27,59
-1899816224,54,40
-1899796224,33,34
-1899776224,20,126
-1899756224,42,36
-1899736224,27,37
-1899716224,54,53
-1899696224,33,37
-1899676224,32,21
-1899656224,46,41
-1899636224,23,65
-1899616224,67,82
-1899596224,38,37
-1899576224,27,32
-1899556224,61,50
-1899536224,35,34
-1899516224,70,41
-1899496224,37,48
-1899476224,29,30
-1899456224,72,48
-1899436224,50,34
-1899416224,37,28
-1899396224,59,69
-1899376224,41,41
-1899356224,31,29
-1899336224,55,49
-1899316224,37,33
-1899296224,32,30
-1899276224,52,50
-1899256224,50,51
-1899236224,27,88
-1899216224,47,34
-1899196224,36,42
-1899176224,32,62
-1899156224,47,30
-1899136224,32,38
-1899116224,35,90
-1899096224,48,31
-1899076224,34,30
-1899056224,29,80
-1899036224,54,38
-1899016224,30,41
-1898996224,32,74
-1898976224,36,46
-1898956224,26,32
-1898936224,29,116
-1898916224,41,79
-1898896224,28,30
-1898876224,56,75
-1898856224,42,41
-1898836224,14,45
-1898816224,27,43
-1898796224,40,34
-1898776224,33,28
-1898756224,45,112
-1898736224,47,73
-1898716224,28,29
-1898696224,94,70
-1898676224,37,44
-1898656224,34,34
-1898636224,75,58
-1898616224,35,23
-1898596224,25,32
-1898576224,58,61
-1898556229,42,34
-1898536229,18,29
-1898516229,82,49
-1898496229,45,41
-1898476229,35,25
-1898456229,57,53
-1898436229,36,38
-1898416229,12,130
-1898396229,67,58
-1898376229,40,27
-1898356229,30,33
-1898336229,74,111
-1898316229,37,32
-1898296229,34,31
-1898276229,94,65
-1898256229,45,69
-1898236229,45,37
-1898216229,140,46
-1898196229,42,35
-1898176229,25,34
-1898156229,33,59
-1898136229,17,100
-1898116229,26,26
-1898096229,28,77
-1898076229,76,55
-1898056229,34,36
-1898036229,36,45
-1898016229,35,34
-1897996229,31,32
-1897976229,50,46
-1897956229,23,27
-1897936229,49,49
-1897916229,76,40
-1897896229,35,30
-1897876229,45,40
-1897856229,29,30
-1897836229,20,40
-1897816229,29,39
-1897796229,56,38
-1897776229,34,28
-1897756229,58,46
-1897736229,28,22
-1897716229,77,47
-1897696229,19,34
-1897676229,68,46
-1897656229,85,47
-1897636229,104,63
-1897616229,12,33
-1897596229,27,67
-1897576229,94,67
-1897556229,133,43
-1897536229,22,80
-1897516229,144,55
-1897496229,30,35
-1897476229,81,73
-1897456229,36,27
-1897436229,101,44
-1897416229,29,34
-1897396229,73,69
-1897376229,25,27
-1897356229,72,49
-1897336229,86,26
-1897316229,52,63
-1897296229,35,33
-1897276229,58,46
-1897256229,15,41
-1897236229,83,51
-1897216229,31,29
-1897196229,62,55
-1897176229,112,39
-1897156229,62,46
-1897136229,44,39
-1897116229,54,39
-1897096229,37,29
-1897076229,50,42
-1897056229,27,33
-1897036229,34,59
-1897016229,80,37
-1896996229,45,45
-1896976229,28,33
-1896956229,49,39
-1896936229,30,55
-1896916229,47,42
-1896896229,29,31
-1896876229,52,34
-1896856229,32,59
-1896836229,24,92
-1896816229,33,27
-1896796229,41,50
-1896776229,33,33
-1896756229,36,45
-1896736229,26,37
-1896716229,43,40
-1896696229,44,32
-1896676229,44,39
-1896656229,28,29
-1896636229,37,47
-1896616229,29,35
-1896596229,38,34
-1896576229,26,97
-1896556229,42,36
-1896536229,52,89
-1896516229,33,35
-1896496229,32,109
-1896476229,39,39
-1896456229,28,108
-1896436229,47,21
-1896416229,20,75
-1896396229,41,33
-1896376229,30,72
-1896356229,54,42
-1896336229,24,60
-1896316229,38,25
-1896296229,79,68
-1896276229,76,101
-1896256229,32,82
-1896236229,33,63
-1896216229,44,57
-1896196229,42,33
-1896176229,32,86
-1896156229,15,27
-1896136229,16,112
-1896116229,12,49
-1896096229,52,48
-1896076229,25,27
-1896056229,78,62
-1896036229,22,36
-1896016229,79,46
-1895996229,30,29
-1895976229,50,55
-1895956229,27,30
-1895936229,62,66
-1895916229,29,29
-1895896229,56,50
-1895876229,24,31
-1895856229,53,78
-1895836229,34,29
-1895816229,44,45
-1895796229,31,31
-1895776229,64,71
-1895756229,30,29
-1895736229,101,85
-1895716229,37,34
-1895696229,55,49
-1895676229,32,29
-1895656229,46,43
-1895636229,67,68
-1895616229,53,53
-1895596229,36,32
-1895576229,42,43
-1895556229,30,33
-1895536229,50,40
-1895516229,30,33
-1895496229,48,30
-1895476229,31,32
-1895456229,41,38
-1895436229,37,32
-1895416229,36,37
-1895396229,34,108
-1895376229,32,38
-1895356229,19,84
-1895336229,36,40
-1895316229,29,128
-1895296229,41,37
-1895276229,53,62
-1895256229,34,34
-1895236229,109,66
-1895216229,39,37
-1895196229,79,47
-1895176229,38,33
-1895156229,81,80
-1895136229,21,31
-1895116229,39,47
-1895096229,24,26
-1895076229,57,59
-1895056229,31,29
-1895036229,54,56
-1895016229,32,30
-1894996229,50,40
-1894976229,36,31
-1894956229,54,47
-1894936229,23,29
-1894916229,49,41
-1894896229,36,33
-1894876229,41,42
-1894856229,37,26
-1894836229,40,38
-1894816229,14,110
-1894796229,50,37
-1894776229,29,33
-1894756229,43,44
-1894736229,61,46
-1894716229,41,32
-1894696229,31,91
-1894676229,38,24
-1894656229,64,101
-1894636229,31,29
-1894616229,36,145
-1894596229,41,25
-1894576229,101,122
-1894556229,42,23
-1894536229,22,51
-1894516229,27,28
-1894496229,29,73
-1894476229,45,30
-1894456229,84,65
-1894436229,29,26
-1894416229,61,49
-1894396229,32,27
-1894376229,65,49
-1894356229,34,29
-1894336229,52,44
-1894316229,18,33
-1894296229,52,46
-1894276229,34,34
-1894256229,50,47
-1894236229,22,45
-1894216229,55,45
-1894196229,34,34
-1894176229,36,41
-1894156229,68,38
-1894136229,45,36
-1894116229,33,30
-1894096229,45,37
-1894076229,40,63
-1894056229,47,75
-1894036229,27,30
-1894016229,35,39
-1893996229,31,91
-1893976229,41,33
-1893956229,42,135
-1893936229,32,34
-1893916229,34,150
-1893896229,36,22
-1893876229,25,112
-1893856229,29,30
-1893836229,141,47
-1893816229,49,93
-1893796229,77,56
-1893776229,25,28
-1893756229,51,52
-1893736229,30,72
-1893716229,71,60
-1893696229,35,29
-1893676229,49,44
-1893656229,30,28
-1893636229,56,46
-1893616229,30,32
-1893596229,57,45
-1893576229,31,33
-1893556229,48,69
-1893536229,28,32
-1893516229,53,43
-1893496229,34,29
-1893476229,124,94
-1893456229,39,50
-1893436229,45,40
-1893416229,29,30
-1893396229,41,42
-1893376229,33,30
-1893356229,76,40
-1893336229,30,25
-1893316229,44,91
-1893296229,29,34
-1893276229,40,43
-1893256229,34,30
-1893236229,38,34
-1893216229,33,30
-1893196229,35,29
-1893176229,32,21
-1893156229,35,27
-1893136229,32,98
-1893116229,40,35
-1893096229,82,60
-1893076229,36,54
-1893056229,57,55
-1893036229,21,35
-1893016229,64,52
-1892996229,15,33
-1892976229,34,43
-1892956229,27,48
-1892936229,54,54
-1892916229,30,56
-1892896229,72,48
-1892876229,41,25
-1892856229,66,52
-1892836229,25,52
-1892816229,69,70
-1892796229,23,31
-1892776229,88,63
-1892756229,43,29
-1892736229,86,60
-1892716229,29,30
-1892696229,78,63
-1892676229,20,31
-1892656229,28,51
-1892636229,45,22
-1892616229,39,45
-1892596229,35,26
-1892576229,84,57
-1892556229,21,25
-1892536229,57,46
-1892516229,38,30
-1892496229,65,54
-1892476229,13,33
-1892456229,79,95
-1892436229,13,30
-1892416229,99,83
-1892396229,27,32
-1892376229,89,70
-1892356229,22,24
-1892336229,72,74
-1892316229,32,33
-1892296229,61,64
-1892276229,26,31
-1892256229,76,40
-1892236229,29,28
-1892216229,57,52
-1892196229,30,35
-1892176229,54,49
-1892156229,29,32
-1892136229,50,42
-1892116229,33,33
-1892096229,52,45
-1892076229,32,22
-1892056229,50,36
-1892036229,31,31
-1892016229,57,41
-1891996229,25,26
-1891976229,49,49
-1891956229,38,26
-1891936229,42,44
-1891916229,47,81
-1891896229,48,42
-1891876229,31,30
-1891856229,14,56
-1891836229,37,52
-1891816229,43,41
-1891796229,36,28
-1891776229,46,38
-1891756229,34,45
-1891736229,44,35
-1891716229,36,34
-1891696229,45,39
-1891676229,31,27
-1891656229,33,49
-1891636229,30,29
-1891616229,47,38
-1891596229,29,30
-1891576229,132,34
-1891556229,23,43
-1891536229,40,38
-1891516229,30,35
-1891496229,42,49
-1891476229,33,31
-1891456229,46,64
-1891436229,29,33
-1891416229,47,46
-1891396229,30,31
-1891376229,47,43
-1891356229,26,33
-1891336229,43,50
-1891316229,32,42
-1891296229,48,44
-1891276229,29,31
-1891256229,61,42
-1891236229,30,29
-1891216229,56,42
-1891196229,32,29
-1891176229,48,42
-1891156229,30,38
-1891136229,48,42
-1891116229,30,35
-1891096229,50,42
-1891076229,85,44
-1891056229,30,74
-1891036229,26,30
-1891016229,42,43
-1890996229,33,30
-1890976229,55,45
-1890956229,48,33
-1890936229,55,42
-1890916229,6,26
-1890896229,54,44
-1890876229,33,26
-1890856229,68,76
-1890836229,15,38
-1890816229,54,51
-1890796229,27,34
-1890776229,61,53
-1890756229,35,25
-1890736229,60,50
-1890716229,33,32
-1890696229,62,53
-1890676229,32,70
-1890656229,34,39
-1890636229,27,28
-1890616229,53,49
-1890596229,33,33
-1890576229,58,50
-1890556229,28,25
-1890536229,64,51
-1890516229,29,28
-1890496229,56,49
-1890476229,27,31
-1890456229,41,42
-1890436229,34,22
-1890416229,27,72
-1890396229,35,27
-1890376229,92,70
-1890356229,19,28
-1890336229,89,99
-1890316229,23,29
-1890296229,57,47
-1890276229,46,33
-1890256229,27,53
-1890236229,40,31
-1890216229,30,80
-1890196229,29,35
-1890176229,16,52
-1890156229,11,51
-1890136229,24,53
-1890116229,49,29
-1890096229,93,65
-1890076229,33,40
-1890056229,49,66
-1890036229,34,20
-1890016229,29,72
-1889996229,39,34
-1889976229,33,73
-1889956229,26,30
-1889936229,33,64
-1889916229,50,30
-1889896229,32,86
-1889876229,36,40
-1889856229,26,111
-1889836229,44,35
-1889816229,34,87
-1889796229,32,36
-1889776229,29,102
-1889756229,33,46
-1889736229,32,80
-1889716229,37,27
-1889696229,26,61
-1889676229,31,66
-1889656229,67,28
-1889636229,44,35
-1889616229,33,34
-1889596229,39,46
-1889576229,35,31
-1889556229,61,42
-1889536229,34,26
-1889516229,42,38
-1889496229,24,32
-1889476229,43,35
-1889456229,43,23
-1889436229,42,38
-1889416229,55,55
-1889396229,52,39
-1889376229,31,24
-1889356229,50,41
-1889336229,14,113
-1889316229,38,42
-1889296229,31,30
-1889276229,50,39
-1889256229,27,34
-1889236229,44,41
-1889216229,28,28
-1889196229,51,46
-1889176229,29,30
-1889156229,65,23
-1889136229,29,29
-1889116229,57,52
-1889096229,28,26
-1889076229,52,43
-1889056229,29,69
-1889036229,55,39
-1889016229,28,32
-1888996229,73,41
-1888976229,39,29
-1888956229,76,63
-1888936229,36,27
-1888916229,63,77
-1888896229,31,32
-1888876229,74,42
-1888856229,16,25
-1888836229,62,54
-1888816229,22,39
-1888796229,64,50
-1888776229,39,31
-1888756229,158,61
-1888736229,7,51
-1888716229,23,49
-1888696229,36,36
-1888676229,103,79
-1888656229,48,57
-1888636229,74,53
-1888616229,40,31
-1888596229,32,123
-1888576229,46,37
-1888556229,46,75
-1888536229,33,28
-1888516229,32,109
-1888496229,32,30
-1888476229,28,111
-1888456229,39,32
-1888436229,28,74
-1888416229,43,39
-1888396229,30,28
-1888376229,39,40
-1888356229,35,33
-1888336229,47,37
-1888316229,46,30
-1888296229,46,39
-1888276229,27,33
-1888256229,46,52
-1888236229,0,122
-1888216229,43,40
-1888196229,26,30
-1888176229,46,42
-1888156229,26,48
-1888136229,41,45
-1888116229,29,31
-1888096229,48,39
-1888076229,30,32
-1888056229,54,50
-1888036229,27,27
-1888016229,67,49
-1887996229,30,29
-1887976229,63,48
-1887956229,38,47
-1887936229,75,47
-1887916229,32,31
-1887896229,79,68
-1887876229,27,34
-1887856229,100,48
-1887836229,33,29
-1887816229,129,51
-1887796229,31,26
-1887776229,98,59
-1887756229,19,59
-1887736229,69,104
-1887716229,39,34
-1887696229,34,82
-1887676229,38,35
-1887656229,36,86
-1887636229,34,37
-1887616229,34,80
-1887596229,42,35
-1887576229,34,30
-1887556229,55,32
-1887536229,32,30
-1887516229,40,33
-1887496229,28,27
-1887476229,45,37
-1887456229,39,33
-1887436229,42,33
-1887416229,133,29
-1887396229,50,38
-1887376229,33,30
-1887356229,42,49
-1887336229,6,100
-1887316229,44,45
-1887296229,29,32
-1887276229,45,40
-1887256229,30,40
-1887236229,42,45
-1887216229,32,32
-1887196229,41,47
-1887176229,24,34
-1887156229,73,34
-1887136229,28,32
-1887116229,49,37
-1887096229,35,35
-1887076229,55,46
-1887056229,39,33
-1887036229,44,36
-1887016229,27,32
-1886996229,77,43
-1886976229,39,33
-1886956229,20,77
-1886936229,26,31
-1886916229,9,99
-1886896229,26,30
-1886876229,46,45
-1886856229,11,35
-1886836229,90,78
-1886816229,33,33
-1886796229,42,44
-1886776229,30,28
-1886756229,48,43
-1886736229,28,28
-1886716229,49,53
-1886696229,27,33
-1886676229,47,42
-1886656229,29,47
-1886636229,52,48
-1886616229,27,32
-1886596229,58,42
-1886576229,15,42
-1886556229,50,76
-1886536229,27,30
-1886516229,62,48
-1886496229,43,25
-1886476229,52,55
-1886456229,74,30
-1886436229,58,58
-1886416229,16,107
-1886396229,94,58
-1886376229,51,29
-1886356229,47,82
-1886336229,24,32
-1886316229,33,86
-1886296229,46,22
-1886276229,23,103
-1886256229,21,60
-1886236229,23,95
-1886216229,39,39
-1886196229,25,89
-1886176229,42,23
-1886156229,32,110
-1886136229,37,36
-1886116229,31,29
-1886096229,46,37
-1886076229,32,54
-1886056229,67,32
-1886036229,29,27
-1886016229,56,36
-1885996229,27,28
-1885976229,50,46
-1885956229,75,32
-1885936229,50,40
-1885916229,28,32
-1885896229,62,61
-1885876229,29,31
-1885856229,76,37
-1885836229,35,28
-1885816229,60,63
-1885796229,32,29
-1885776229,61,60
-1885756229,26,44
-1885736229,65,63
-1885716229,103,42
-1885696229,59,59
-1885676229,29,36
-1885656229,78,66
-1885636229,33,60
-1885616229,54,56
-1885596229,29,31
-1885576229,78,42
-1885556229,27,40
-1885536229,46,55
-1885516229,26,32
-1885496229,48,51
-1885476229,21,29
-1885456229,124,61
-1885436229,18,28
-1885416229,130,45
-1885396229,38,34
-1885376229,20,53
-1885356229,27,29
-1885336229,43,107
-1885316229,37,26
-1885296229,28,103
-1885276229,49,77
-1885256229,35,135
-1885236229,36,44
-1885216229,28,93
-1885196229,40,29
-1885176229,38,71
-1885156229,74,50
-1885136229,33,30
-1885116229,42,36
-1885096229,14,48
-1885076229,49,41
-1885056229,46,72
-1885036229,45,34
-1885016229,32,66
-1884996229,47,43
-1884976229,32,28
-1884956229,41,49
-1884936229,30,25
-1884916229,113,47
-1884896229,31,28
-1884876229,52,59
-1884856229,30,25
-1884836229,78,70
-1884816229,18,31
-1884796229,55,46
-1884776229,52,36
-1884756229,122,79
-1884736229,34,28
-1884716229,28,131
-1884696229,46,48
-1884676229,32,95
-1884656229,28,68
-1884636229,28,32
-1884616229,39,34
-1884596229,33,29
-1884576229,35,93
-1884556229,39,52
-1884536229,44,39
-1884516229,31,31
-1884496229,46,52
-1884476229,26,36
-1884456229,64,40
-1884436229,32,25
-1884416229,57,47
-1884396229,28,32
-1884376229,58,48
-1884356229,29,52
-1884336229,68,73
-1884316229,16,26
-1884296229,91,63
-1884276229,40,35
-1884256229,36,77
-1884236229,10,27
-1884216229,30,27
-1884196229,34,35
-1884176229,32,34
-1884156229,48,41
-1884136229,31,28
-1884116229,61,53
-1884096229,30,36
-1884076229,37,51
-1884056229,28,46
-1884036229,35,29
-1884016229,48,39
-1883996229,48,34
-1883976229,67,58
-1883956229,45,36
-1883936229,59,61
-1883916229,105,60
-1883896229,28,31
-1883876229,49,30
-1883856229,34,44
-1883836229,49,139
-1883816229,46,26
-1883796229,26,52
-1883776229,37,43
-1883756229,19,71
-1883736229,53,48
-1883716229,27,30
-1883696229,29,83
-1883676229,39,55
-1883656229,8,74
-1883636229,50,40
-1883616229,21,36
-1883596229,49,55
-1883576229,29,26
-1883556229,23,48
-1883536229,63,54
-1883516229,46,34
-1883496229,25,98
-1883476229,41,50
-1883456229,10,36
-1883436229,73,46
-1883416229,99,58
-1883396229,35,31
-1883376229,60,46
-1883356229,33,27
-1883336229,24,58
-1883316229,50,45
-1883296229,28,29
-1883276229,23,43
-1883256229,41,30
-1883236229,36,30
-1883216229,60,58
-1883196229,38,28
-1883176229,32,83
-1883156229,53,62
-1883136229,31,28
-1883116229,80,57
-1883096229,46,33
-1883076229,7,42
-1883056229,46,62
-1883036229,29,21
-1883016229,78,56
-1882996229,30,27
-1882976229,26,73
-1882956229,14,86
-1882936229,27,28
-1882916229,58,78
-1882896229,24,35
-1882876229,28,75
-1882856229,24,31
-1882836229,31,117
-1882816229,44,47
-1882796229,31,30
-1882776229,49,43
-1882756229,35,34
-1882736229,65,49
-1882716229,19,29
-1882696229,122,94
-1882676229,39,42
-1882656229,36,99
-1882636229,35,33
-1882616229,28,29
-1882596229,43,48
-1882576229,28,39
-1882556229,77,40
-1882536229,34,26
-1882516229,55,49
-1882496229,35,25
-1882476229,72,41
-1882456229,6,89
-1882436229,44,56
-1882416229,32,40
-1882396229,74,100
-1882376229,36,26
-1882356229,15,147
-1882336229,37,40
-1882316229,34,83
-1882296229,38,49
-1882276229,30,86
-1882256229,66,110
-1882236229,108,144
-1882216229,41,40
-1882196229,122,78
-1882176229,40,32
-1882156229,28,123
-1882136229,20,31
-1882116229,58,71
-1882096229,48,25
-1882076229,87,60
-1882056229,34,102
-1882036229,68,50
-1882016229,38,28
-1881996229,50,54
-1881976229,35,27
-1881956229,52,54
-1881936229,25,28
-1881916229,53,48
-1881896229,33,35
-1881876229,48,48
-1881856229,83,85
-1881836229,42,42
-1881816229,33,33
-1881796229,42,41
-1881776229,30,22
-1881756229,34,58
-1881736229,112,50
-1881716229,33,43
-1881696229,28,33
-1881676229,55,37
-1881656229,95,47
-1881636229,38,29
-1881616229,25,28
-1881596229,39,36
-1881576229,97,203
-1881556229,46,29
-1881536229,33,125
-1881516229,40,37
-1881496229,29,139
-1881476229,39,34
-1881456229,23,157
-1881436229,34,36
-1881416229,23,101
-1881396229,43,28
-1881376229,147,67
-1881356229,40,30
-1881336229,77,48
-1881316229,31,46
-1881296229,30,67
-1881276229,37,41
-1881256229,106,114
-1881236229,115,20
-1881216229,78,60
-1881196229,35,28
-1881176229,25,79
-1881156229,0,124
-1881136229,25,96
-1881116229,43,32
-1881096229,33,104
-1881076229,44,126
-1881056229,40,40
-1881036229,41,36
-1881016229,29,36
-1880996229,34,51
-1880976229,30,30
-1880956229,46,47
-1880936229,31,36
-1880916229,59,50
-1880896229,25,36
-1880876229,90,55
-1880856229,21,37
-1880836229,28,87
-1880816229,38,42
-1880796229,33,30
-1880776229,51,40
-1880756229,2,100
-1880736229,83,65
-1880716229,38,28
-1880696229,30,114
-1880676229,33,41
-1880656229,18,44
-1880636229,56,42
-1880616229,31,32
-1880596229,16,55
-1880576229,40,30
-1880556229,14,24
-1880536229,50,34
-1880516229,35,29
-1880496229,96,94
-1880476229,45,29
-1880456229,66,64
-1880436229,51,45
-1880416229,24,27
-1880396229,32,81
-1880376229,44,43
-1880356229,29,30
-1880336229,36,34
-1880316229,34,36
-1880296229,83,65
-1880276229,27,33
-1880256229,29,142
-1880236229,35,35
-1880216229,28,32
-1880196229,43,37
-1880176229,7,30
-1880156229,35,105
-1880136229,28,27
-1880116229,44,38
-1880096229,25,30
-1880076229,42,35
-1880056229,56,51
-1880036229,42,33
-1880016229,5,111
-1879996229,31,32
-1879976229,80,52
-1879956229,30,35
-1879936229,113,79
-1879916229,34,34
-1879896229,55,42
-1879876229,26,35
-1879856229,24,95
-1879836229,20,32
-1879816229,35,26
-1879796229,27,102
-1879776229,34,31
-1879756229,60,90
-1879736229,27,28
-1879716229,49,43
-1879696229,30,30
-1879676229,39,47
-1879656229,5,94
-1879636229,40,23
-1879616229,75,58
-1879596229,28,30
-1879576229,53,40
-1879556229,24,29
-1879536229,41,33
-1879516229,120,135
-1879496229,37,23
-1879476229,47,58
-1879456229,23,28
-1879436229,95,80
-1879416229,34,29
-1879396229,38,40
-1879376229,29,67
-1879356229,35,51
-1879336229,19,74
-1879316229,23,34
-1879296229,55,49
-1879276229,28,32
-1879256229,50,63
-1879236229,27,29
-1879216229,35,28
-1879196229,68,99
-1879176229,18,32
-1879156229,53,60
-1879136229,29,25
-1879116229,49,40
-1879096229,42,24
-1879076229,44,42
-1879056229,27,32
-1879036229,45,31
-1879016229,91,127
-1878996229,43,27
-1878976229,110,88
-1878956229,41,29
-1878936229,75,91
-1878916229,36,29
-1878896229,76,48
-1878876229,29,28
-1878856229,54,56
-1878836229,35,22
-1878816229,60,53
-1878796229,34,34
-1878776229,58,48
-1878756229,43,31
-1878736229,57,39
-1878716229,25,26
-1878696229,57,46
-1878676229,9,54
-1878656229,57,56
-1878636229,23,27
-1878616229,55,62
-1878596229,33,38
-1878576229,61,39
-1878556229,31,30
-1878536229,60,44
-1878516229,87,105
-1878496229,63,60
-1878476229,30,22
-1878456229,51,61
-1878436229,48,48
-1878416229,25,70
-1878396229,37,27
-1878376229,81,52
-1878356229,39,47
-1878336229,33,112
-1878316229,36,32
-1878296229,31,41
-1878276229,37,37
-1878256229,31,35
-1878236229,38,59
-1878216229,32,34
-1878196229,47,49
-1878176229,30,32
-1878156229,53,47
-1878136229,33,22
-1878116229,70,50
-1878096229,38,34
-1878076229,31,105
-1878056229,36,36
-1878036229,31,33
-1878016229,51,49
-1877996229,30,28
-1877976229,66,44
-1877956229,24,92
-1877936229,48,64
-1877916229,26,37
-1877896229,32,34
-1877876229,61,141
-1877856229,23,28
-1877836229,54,73
-1877816229,20,22
-1877796229,30,88
-1877776229,44,42
-1877756229,32,30
-1877736229,52,60
-1877716229,27,69
-1877696229,28,80
-1877676229,37,40
-1877656229,33,34
-1877636229,64,60
-1877616229,36,29
-1877596229,32,33
-1877576229,53,41
-1877556229,28,81
-1877536229,17,114
-1877516229,49,36
-1877496229,27,39
-1877476229,23,94
-1877456229,77,44
-1877436229,38,75
-1877416229,28,27
-1877396229,29,101
-1877376229,53,38
-1877356229,40,28
-1877336229,44,44
-1877316229,76,107
-1877296229,54,45
-1877276229,25,34
-1877256229,33,28
-1877236229,99,42
-1877216229,43,37
-1877196229,36,32
-1877176229,28,145
-1877156229,48,35
-1877136229,45,27
-1877116229,33,31
-1877096229,38,41
-1877076229,39,41
-1877056229,35,41
-1877036229,29,102
-1877016229,51,49
-1876996229,42,38
-1876976229,99,71
-1876956229,94,61
-1876936229,60,72
-1876916229,19,30
-1876896229,40,42
-1876876229,52,52
-1876856229,45,31
-1876836229,25,43
-1876816229,53,154
-1876796229,50,40
-1876776229,44,35
-1876756229,35,28
-1876736229,69,72
-1876716229,50,36
-1876696229,31,27
-1876676229,30,149
-1876656229,47,24
-1876636229,68,55
-1876616229,30,35
-1876596229,63,47
-1876576229,41,16
-1876556229,35,29
-1876536229,103,54
-1876516229,40,36
-1876496229,33,27
-1876476229,102,41
-1876456229,51,41
-1876436229,49,50
-1876416229,25,31
-1876396229,39,70
-1876376229,47,45
-1876356229,33,34
-1876336229,6,89
-1876316229,55,42
